{
    "version": "0.4.2",
    "__comment": "The base model.",
    "calibration_date": "10/01/2024",
    "internal_model_name": "cvvdp_mult_mutual",
    "mask_p": 2.1925899982452393,
    "mask_c": -0.7954971194267273,
    "pu_dilate": 3,
    "beta": 2,
    "beta_t": 2,
    "beta_tch": 4,
    "beta_sch": 4,
    "csf_sigma": -1.5,
    "sensitivity_correction": -0.47490763664245605,
    "masking_model": "mult-mutual",
    "local_adapt": "gpyr",
    "contrast": "weber_g1",
    "csf": "weber_fixed_size",
    "jod_a": 0.26864057779312134,
    "jod_exp": 0.6042199730873108,
    "mask_q": [
        1.2590280771255493,
        1.0269170999526978,
        1.2512270212173462,
        4.781168460845947
    ],
    "filter_len": -1,
    "ch_chrom_w": 0.2095385491847992,
    "ch_trans_w": 0.2909044325351715,
    "sigma_tf": [
        5.79336,
        14.1255,
        6.63661,
        0.12314
    ],
    "beta_tf": [
        1.3314,
        1.1196,
        0.947901,
        0.1898
    ],
    "xchannel_masking": "on",
    "xcm_weights": [
        -0.14770524203777313,
        -6.060262680053711,
        -4.124868392944336,
        -2.0125207901000977,
        3.2538716793060303,
        0.13287724554538727,
        -2.5881593227386475,
        -0.7586166858673096,
        5.668464660644531,
        -0.847790539264679,
        0.09364445507526398,
        -0.6528822779655457,
        -5.751389980316162,
        -5.638392448425293,
        -3.1208298206329346,
        -2.3917787075042725
    ],
    "baseband_weight": [
        0.0004904630477540195,
        0.0027937600389122963,
        3.9902234077453613,
        38.10690689086914
    ],
    "dclamp_type": "soft",
    "d_max": 2.5150763988494873,
    "image_int": 0.577918291091919,
    "Bloch_int": "off",
    "bfilt_duration": 0.4
}