{
    "version": "0.4.2",
    "__comment": "The base model.",
    "calibration_date": "10/01/2024",
    "internal_model_name": "cvvdp_mult_mutual",
    "mask_p": 2.2184722423553467,
    "mask_c": -0.7954971194267273,
    "pu_dilate": 3,
    "beta": 2,
    "beta_t": 2,
    "beta_tch": 4,
    "beta_sch": 4,
    "csf_sigma": -1.5,
    "sensitivity_correction": -0.4700920581817627,
    "masking_model": "mult-mutual",
    "local_adapt": "gpyr",
    "contrast": "weber_g1",
    "csf": "weber_fixed_size",
    "jod_a": 0.2536170184612274,
    "jod_exp": 0.6095178127288818,
    "mask_q": [
        1.2363386154174805,
        1.0204813480377197,
        1.273988127708435,
        4.732288837432861
    ],
    "filter_len": -1,
    "ch_chrom_w": 0.2206796258687973,
    "ch_trans_w": 0.36153632402420044,
    "sigma_tf": [
        5.79336,
        14.1255,
        6.63661,
        0.12314
    ],
    "beta_tf": [
        1.3314,
        1.1196,
        0.947901,
        0.1898
    ],
    "xchannel_masking": "on",
    "xcm_weights": [
        -0.17265990376472473,
        -6.058289527893066,
        -3.9410860538482666,
        -2.0239853858947754,
        3.2350826263427734,
        0.11772340536117554,
        -2.504164218902588,
        -0.7548758387565613,
        5.623922824859619,
        -0.8809534907341003,
        0.20870459079742432,
        -0.6425349116325378,
        -5.801120758056641,
        -5.69304084777832,
        -3.01962947845459,
        -2.4572086334228516
    ],
    "baseband_weight": [
        0.0005414410261437297,
        0.0028580576181411743,
        3.9979517459869385,
        37.986473083496094
    ],
    "dclamp_type": "soft",
    "d_max": 2.5160129070281982,
    "image_int": 0.577918291091919,
    "Bloch_int": "off",
    "bfilt_duration": 0.4
}