{
    "version": "0.4.2",
    "__comment": "The base model.",
    "calibration_date": "10/01/2024",
    "internal_model_name": "cvvdp_mult_mutual",
    "mask_p": 2.2353436946868896,
    "mask_c": -0.7954971194267273,
    "pu_dilate": 3,
    "beta": 2,
    "beta_t": 2,
    "beta_tch": 4,
    "beta_sch": 4,
    "csf_sigma": -1.5,
    "sensitivity_correction": -0.49506106972694397,
    "masking_model": "mult-mutual",
    "local_adapt": "gpyr",
    "contrast": "weber_g1",
    "csf": "weber_fixed_size",
    "jod_a": 0.17715336382389069,
    "jod_exp": 0.6927434802055359,
    "mask_q": [
        1.058763027191162,
        1.0351800918579102,
        1.187448501586914,
        4.613009452819824
    ],
    "filter_len": -1,
    "ch_chrom_w": 0.2009381800889969,
    "ch_trans_w": 0.37969404458999634,
    "sigma_tf": [
        5.79336,
        14.1255,
        6.63661,
        0.12314
    ],
    "beta_tf": [
        1.3314,
        1.1196,
        0.947901,
        0.1898
    ],
    "xchannel_masking": "on",
    "xcm_weights": [
        -0.2928250730037689,
        -6.116047382354736,
        -4.242484092712402,
        -2.093167304992676,
        3.2965340614318848,
        0.4047643840312958,
        -2.739253044128418,
        -0.9276655316352844,
        5.595097541809082,
        -0.7162297964096069,
        -0.18366019427776337,
        -0.8357059359550476,
        -5.904709339141846,
        -5.707388401031494,
        -3.373991012573242,
        -2.594820499420166
    ],
    "baseband_weight": [
        0.0005550829228013754,
        0.002785565797239542,
        4.849256992340088,
        37.67610549926758
    ],
    "dclamp_type": "soft",
    "d_max": 2.451436758041382,
    "image_int": 0.577918291091919,
    "Bloch_int": "off",
    "bfilt_duration": 0.4
}