{
    "version": "0.4.2",
    "__comment": "The base model.",
    "calibration_date": "10/01/2024",
    "internal_model_name": "cvvdp_mult_mutual",
    "mask_p": 2.211319923400879,
    "mask_c": -0.7954971194267273,
    "pu_dilate": 3,
    "beta": 2,
    "beta_t": 2,
    "beta_tch": 4,
    "beta_sch": 4,
    "csf_sigma": -1.5,
    "sensitivity_correction": -0.5724256634712219,
    "masking_model": "mult-mutual",
    "local_adapt": "gpyr",
    "contrast": "weber_g1",
    "csf": "weber_fixed_size",
    "jod_a": 0.15397639572620392,
    "jod_exp": 0.7087517976760864,
    "mask_q": [
        1.0824347734451294,
        1.172226071357727,
        1.3790004253387451,
        4.737176418304443
    ],
    "filter_len": -1,
    "ch_chrom_w": 0.33266744017601013,
    "ch_trans_w": 0.38308343291282654,
    "sigma_tf": [
        5.79336,
        14.1255,
        6.63661,
        0.12314
    ],
    "beta_tf": [
        1.3314,
        1.1196,
        0.947901,
        0.1898
    ],
    "xchannel_masking": "on",
    "xcm_weights": [
        -0.3425780236721039,
        -6.058051109313965,
        -3.958939790725708,
        -2.1794044971466064,
        3.167644739151001,
        0.26423776149749756,
        -2.3498244285583496,
        -0.9700838327407837,
        5.530913352966309,
        -0.6735062599182129,
        0.14515547454357147,
        -0.8560808300971985,
        -5.8938469886779785,
        -5.55417537689209,
        -3.0788216590881348,
        -2.6164822578430176
    ],
    "baseband_weight": [
        0.0005744202062487602,
        0.002516276901587844,
        1.2339290380477905,
        37.63511657714844
    ],
    "dclamp_type": "soft",
    "d_max": 2.4947876930236816,
    "image_int": 0.577918291091919,
    "Bloch_int": "off",
    "bfilt_duration": 0.4
}