{
    "version": "0.4.2",
    "__comment": "The base model.",
    "calibration_date": "10/01/2024",
    "internal_model_name": "cvvdp_mult_mutual",
    "mask_p": 2.2065927982330322,
    "mask_c": -0.7954971194267273,
    "pu_dilate": 3,
    "beta": 2,
    "beta_t": 2,
    "beta_tch": 4,
    "beta_sch": 4,
    "csf_sigma": -1.5,
    "sensitivity_correction": -0.47601133584976196,
    "masking_model": "mult-mutual",
    "local_adapt": "gpyr",
    "contrast": "weber_g1",
    "csf": "weber_fixed_size",
    "jod_a": 0.26522597670555115,
    "jod_exp": 0.5980378985404968,
    "mask_q": [
        1.2339016199111938,
        1.037550449371338,
        1.284053087234497,
        4.697164058685303
    ],
    "filter_len": -1,
    "ch_chrom_w": 0.22707997262477875,
    "ch_trans_w": 0.3312506079673767,
    "sigma_tf": [
        5.79336,
        14.1255,
        6.63661,
        0.12314
    ],
    "beta_tf": [
        1.3314,
        1.1196,
        0.947901,
        0.1898
    ],
    "xchannel_masking": "on",
    "xcm_weights": [
        -0.18484917283058167,
        -6.113088607788086,
        -3.950437545776367,
        -2.040762186050415,
        3.2237131595611572,
        0.1353253275156021,
        -2.4992856979370117,
        -0.7868196964263916,
        5.6327314376831055,
        -0.8816836476325989,
        0.1680956780910492,
        -0.6648030877113342,
        -5.832279205322266,
        -5.677390098571777,
        -3.0123941898345947,
        -2.437709093093872
    ],
    "baseband_weight": [
        0.0005194265977479517,
        0.00288688438013196,
        1.5144518613815308,
        38.03316116333008
    ],
    "dclamp_type": "soft",
    "d_max": 2.5163018703460693,
    "image_int": 0.577918291091919,
    "Bloch_int": "off",
    "bfilt_duration": 0.4
}