{
    "version": "0.4.2",
    "__comment": "The base model.",
    "calibration_date": "10/01/2024",
    "internal_model_name": "cvvdp_mult_mutual",
    "mask_p": 2.204714059829712,
    "mask_c": -0.7954971194267273,
    "pu_dilate": 3,
    "beta": 2,
    "beta_t": 2,
    "beta_tch": 4,
    "beta_sch": 4,
    "csf_sigma": -1.5,
    "sensitivity_correction": -0.5234884023666382,
    "masking_model": "mult-mutual",
    "local_adapt": "gpyr",
    "contrast": "weber_g1",
    "csf": "weber_fixed_size",
    "jod_a": 0.21052433550357819,
    "jod_exp": 0.6469425559043884,
    "mask_q": [
        1.2870057821273804,
        1.1503366231918335,
        1.3828043937683105,
        4.72657585144043
    ],
    "filter_len": -1,
    "ch_chrom_w": 0.2865406572818756,
    "ch_trans_w": 0.3009289801120758,
    "sigma_tf": [
        5.79336,
        14.1255,
        6.63661,
        0.12314
    ],
    "beta_tf": [
        1.3314,
        1.1196,
        0.947901,
        0.1898
    ],
    "xchannel_masking": "on",
    "xcm_weights": [
        -0.15606705844402313,
        -5.933697700500488,
        -4.192476272583008,
        -2.0961499214172363,
        3.1285781860351562,
        0.2214362919330597,
        -2.6081066131591797,
        -0.8854667544364929,
        5.528936862945557,
        -0.6661958694458008,
        0.10181473940610886,
        -0.7623133063316345,
        -5.867562294006348,
        -5.335791110992432,
        -3.10233998298645,
        -2.5221478939056396
    ],
    "baseband_weight": [
        0.0005427902797237039,
        0.0025169947184622288,
        4.494302749633789,
        37.82106018066406
    ],
    "dclamp_type": "soft",
    "d_max": 2.5080645084381104,
    "image_int": 0.577918291091919,
    "Bloch_int": "off",
    "bfilt_duration": 0.4
}