{
    "version": "0.4.2",
    "__comment": "The base model.",
    "calibration_date": "10/01/2024",
    "internal_model_name": "cvvdp_mult_mutual",
    "mask_p": 2.201908588409424,
    "mask_c": -0.7954971194267273,
    "pu_dilate": 3,
    "beta": 2,
    "beta_t": 2,
    "beta_tch": 4,
    "beta_sch": 4,
    "csf_sigma": -1.5,
    "sensitivity_correction": -0.526668131351471,
    "masking_model": "mult-mutual",
    "local_adapt": "gpyr",
    "contrast": "weber_g1",
    "csf": "weber_fixed_size",
    "jod_a": 0.17304225265979767,
    "jod_exp": 0.6983613967895508,
    "mask_q": [
        1.227758765220642,
        1.0586423873901367,
        1.3665140867233276,
        4.742396831512451
    ],
    "filter_len": -1,
    "ch_chrom_w": 0.3126707673072815,
    "ch_trans_w": 0.4849078059196472,
    "sigma_tf": [
        5.79336,
        14.1255,
        6.63661,
        0.12314
    ],
    "beta_tf": [
        1.3314,
        1.1196,
        0.947901,
        0.1898
    ],
    "xchannel_masking": "on",
    "xcm_weights": [
        -0.21587571501731873,
        -6.033930778503418,
        -4.023094177246094,
        -2.04315185546875,
        3.1212382316589355,
        0.14175139367580414,
        -2.487617254257202,
        -0.7435871362686157,
        5.505605220794678,
        -0.7908769249916077,
        0.20818586647510529,
        -0.7178652286529541,
        -5.857544898986816,
        -5.562620639801025,
        -2.9909298419952393,
        -2.4045162200927734
    ],
    "baseband_weight": [
        0.0006380940321832895,
        0.002767770318314433,
        4.4006428718566895,
        38.01538848876953
    ],
    "dclamp_type": "soft",
    "d_max": 2.493607759475708,
    "image_int": 0.577918291091919,
    "Bloch_int": "off",
    "bfilt_duration": 0.4
}