{
    "version": "0.4.2",
    "__comment": "The base model.",
    "calibration_date": "10/01/2024",
    "internal_model_name": "cvvdp_mult_mutual",
    "mask_p": 2.2433483600616455,
    "mask_c": -0.7954971194267273,
    "pu_dilate": 3,
    "beta": 2,
    "beta_t": 2,
    "beta_tch": 4,
    "beta_sch": 4,
    "csf_sigma": -1.5,
    "sensitivity_correction": -0.49527066946029663,
    "masking_model": "mult-mutual",
    "local_adapt": "gpyr",
    "contrast": "weber_g1",
    "csf": "weber_fixed_size",
    "jod_a": 0.20582328736782074,
    "jod_exp": 0.6839197278022766,
    "mask_q": [
        1.190077781677246,
        1.0193899869918823,
        1.221748948097229,
        4.612143516540527
    ],
    "filter_len": -1,
    "ch_chrom_w": 0.19297344982624054,
    "ch_trans_w": 0.5180588364601135,
    "sigma_tf": [
        5.79336,
        14.1255,
        6.63661,
        0.12314
    ],
    "beta_tf": [
        1.3314,
        1.1196,
        0.947901,
        0.1898
    ],
    "xchannel_masking": "on",
    "xcm_weights": [
        -0.20263098180294037,
        -6.157138347625732,
        -4.147676944732666,
        -1.9619516134262085,
        3.2005252838134766,
        0.2653404474258423,
        -2.6179537773132324,
        -0.7124035358428955,
        5.535007953643799,
        -0.8368622064590454,
        0.011925358325242996,
        -0.6546630263328552,
        -5.873331546783447,
        -5.752852916717529,
        -3.1652097702026367,
        -2.4295051097869873
    ],
    "baseband_weight": [
        0.000619620899669826,
        0.0028665487188845873,
        4.533280849456787,
        38.174049377441406
    ],
    "dclamp_type": "soft",
    "d_max": 2.4893481731414795,
    "image_int": 0.577918291091919,
    "Bloch_int": "off",
    "bfilt_duration": 0.4
}