{
    "version": "0.4.2",
    "__comment": "The base model.",
    "calibration_date": "10/01/2024",
    "internal_model_name": "cvvdp_mult_mutual",
    "mask_p": 2.196195363998413,
    "mask_c": -0.7954971194267273,
    "pu_dilate": 3,
    "beta": 2,
    "beta_t": 2,
    "beta_tch": 4,
    "beta_sch": 4,
    "csf_sigma": -1.5,
    "sensitivity_correction": -0.5864365100860596,
    "masking_model": "mult-mutual",
    "local_adapt": "gpyr",
    "contrast": "weber_g1",
    "csf": "weber_fixed_size",
    "jod_a": 0.19334273040294647,
    "jod_exp": 0.6390473246574402,
    "mask_q": [
        1.2380988597869873,
        1.1808319091796875,
        1.4184037446975708,
        4.659782409667969
    ],
    "filter_len": -1,
    "ch_chrom_w": 0.31242504715919495,
    "ch_trans_w": 0.36854302883148193,
    "sigma_tf": [
        5.79336,
        14.1255,
        6.63661,
        0.12314
    ],
    "beta_tf": [
        1.3314,
        1.1196,
        0.947901,
        0.1898
    ],
    "xchannel_masking": "on",
    "xcm_weights": [
        -0.21176362037658691,
        -5.951940059661865,
        -3.9718589782714844,
        -2.146552085876465,
        3.115593910217285,
        0.24060016870498657,
        -2.4989423751831055,
        -0.921511709690094,
        5.507148265838623,
        -0.6323097944259644,
        0.20742130279541016,
        -0.7871038913726807,
        -5.95452880859375,
        -5.4552388191223145,
        -2.940756320953369,
        -2.5871617794036865
    ],
    "baseband_weight": [
        0.0005528058973141015,
        0.0024982618633657694,
        1.1488131284713745,
        37.5606689453125
    ],
    "dclamp_type": "soft",
    "d_max": 2.4825363159179688,
    "image_int": 0.577918291091919,
    "Bloch_int": "off",
    "bfilt_duration": 0.4
}