{
    "version": "0.4.2",
    "__comment": "The base model.",
    "calibration_date": "10/01/2024",
    "internal_model_name": "cvvdp_mult_mutual",
    "mask_p": 2.1980373859405518,
    "mask_c": -0.7954971194267273,
    "pu_dilate": 3,
    "beta": 2,
    "beta_t": 2,
    "beta_tch": 4,
    "beta_sch": 4,
    "csf_sigma": -1.5,
    "sensitivity_correction": -0.45118069648742676,
    "masking_model": "mult-mutual",
    "local_adapt": "gpyr",
    "contrast": "weber_g1",
    "csf": "weber_fixed_size",
    "jod_a": 0.30136391520500183,
    "jod_exp": 0.5879131555557251,
    "mask_q": [
        1.2346906661987305,
        1.0008492469787598,
        1.1228301525115967,
        4.640206336975098
    ],
    "filter_len": -1,
    "ch_chrom_w": 0.11668968945741653,
    "ch_trans_w": 0.3518098294734955,
    "sigma_tf": [
        5.79336,
        14.1255,
        6.63661,
        0.12314
    ],
    "beta_tf": [
        1.3314,
        1.1196,
        0.947901,
        0.1898
    ],
    "xchannel_masking": "on",
    "xcm_weights": [
        -0.12966974079608917,
        -6.211694717407227,
        -4.057597637176514,
        -1.926548957824707,
        3.368389129638672,
        0.2258012294769287,
        -2.6047866344451904,
        -0.6760280728340149,
        5.731179714202881,
        -0.9493439197540283,
        0.057073820382356644,
        -0.5925421714782715,
        -5.815300941467285,
        -5.91176176071167,
        -3.144155979156494,
        -2.3741960525512695
    ],
    "baseband_weight": [
        0.00046031514648348093,
        0.0028742272406816483,
        3.637749671936035,
        38.06258773803711
    ],
    "dclamp_type": "soft",
    "d_max": 2.4600627422332764,
    "image_int": 0.577918291091919,
    "Bloch_int": "off",
    "bfilt_duration": 0.4
}