{
    "version": "0.4.2",
    "__comment": "The base model.",
    "calibration_date": "10/01/2024",
    "internal_model_name": "cvvdp_mult_mutual",
    "mask_p": 2.1887474060058594,
    "mask_c": -0.7954971194267273,
    "pu_dilate": 3,
    "beta": 2,
    "beta_t": 2,
    "beta_tch": 4,
    "beta_sch": 4,
    "csf_sigma": -1.5,
    "sensitivity_correction": -0.42870569229125977,
    "masking_model": "mult-mutual",
    "local_adapt": "gpyr",
    "contrast": "weber_g1",
    "csf": "weber_fixed_size",
    "jod_a": 0.2741892337799072,
    "jod_exp": 0.6109310984611511,
    "mask_q": [
        1.3118864297866821,
        1.0189132690429688,
        1.2217001914978027,
        4.7430949211120605
    ],
    "filter_len": -1,
    "ch_chrom_w": 0.15163202583789825,
    "ch_trans_w": 0.2777327597141266,
    "sigma_tf": [
        5.79336,
        14.1255,
        6.63661,
        0.12314
    ],
    "beta_tf": [
        1.3314,
        1.1196,
        0.947901,
        0.1898
    ],
    "xchannel_masking": "on",
    "xcm_weights": [
        -0.089240163564682,
        -6.122011661529541,
        -4.333568096160889,
        -1.9705934524536133,
        3.309720516204834,
        0.2787262797355652,
        -2.7160115242004395,
        -0.7874399423599243,
        5.680925369262695,
        -0.8190601468086243,
        -0.09424171596765518,
        -0.6880684494972229,
        -5.744879245758057,
        -5.608679294586182,
        -3.3719675540924072,
        -2.3738274574279785
    ],
    "baseband_weight": [
        0.0005106226890347898,
        0.00278423517011106,
        4.7326531410217285,
        37.95663070678711
    ],
    "dclamp_type": "soft",
    "d_max": 2.489962577819824,
    "image_int": 0.577918291091919,
    "Bloch_int": "off",
    "bfilt_duration": 0.4
}