{
    "version": "0.4.2",
    "__comment": "The base model.",
    "calibration_date": "10/01/2024",
    "internal_model_name": "cvvdp_mult_mutual",
    "mask_p": 2.2110257148742676,
    "mask_c": -0.7954971194267273,
    "pu_dilate": 3,
    "beta": 2,
    "beta_t": 2,
    "beta_tch": 4,
    "beta_sch": 4,
    "csf_sigma": -1.5,
    "sensitivity_correction": -0.46766430139541626,
    "masking_model": "mult-mutual",
    "local_adapt": "gpyr",
    "contrast": "weber_g1",
    "csf": "weber_fixed_size",
    "jod_a": 0.2595212459564209,
    "jod_exp": 0.6195366978645325,
    "mask_q": [
        1.2638884782791138,
        1.0066455602645874,
        1.247081995010376,
        4.624621391296387
    ],
    "filter_len": -1,
    "ch_chrom_w": 0.17520488798618317,
    "ch_trans_w": 0.3270479440689087,
    "sigma_tf": [
        5.79336,
        14.1255,
        6.63661,
        0.12314
    ],
    "beta_tf": [
        1.3314,
        1.1196,
        0.947901,
        0.1898
    ],
    "xchannel_masking": "on",
    "xcm_weights": [
        -0.1327662467956543,
        -6.116309642791748,
        -4.2002458572387695,
        -2.018110513687134,
        3.2765424251556396,
        0.27423542737960815,
        -2.6939218044281006,
        -0.8161324858665466,
        5.610494136810303,
        -0.8047645688056946,
        -0.017059432342648506,
        -0.7067503929138184,
        -5.869707107543945,
        -5.6723551750183105,
        -3.1783945560455322,
        -2.4205527305603027
    ],
    "baseband_weight": [
        0.000564892659895122,
        0.002849867334589362,
        4.740555763244629,
        37.67738342285156
    ],
    "dclamp_type": "soft",
    "d_max": 2.4770586490631104,
    "image_int": 0.577918291091919,
    "Bloch_int": "off",
    "bfilt_duration": 0.4
}