{
    "version": "0.4.2",
    "__comment": "The base model.",
    "calibration_date": "10/01/2024",
    "internal_model_name": "cvvdp_mult_mutual",
    "mask_p": 2.232959747314453,
    "mask_c": -0.7954971194267273,
    "pu_dilate": 3,
    "beta": 2,
    "beta_t": 2,
    "beta_tch": 4,
    "beta_sch": 4,
    "csf_sigma": -1.5,
    "sensitivity_correction": -0.509809136390686,
    "masking_model": "mult-mutual",
    "local_adapt": "gpyr",
    "contrast": "weber_g1",
    "csf": "weber_fixed_size",
    "jod_a": 0.1928430050611496,
    "jod_exp": 0.6607134938240051,
    "mask_q": [
        1.0207931995391846,
        1.0448367595672607,
        1.2591239213943481,
        4.663122177124023
    ],
    "filter_len": -1,
    "ch_chrom_w": 0.2660994529724121,
    "ch_trans_w": 0.35325145721435547,
    "sigma_tf": [
        5.79336,
        14.1255,
        6.63661,
        0.12314
    ],
    "beta_tf": [
        1.3314,
        1.1196,
        0.947901,
        0.1898
    ],
    "xchannel_masking": "on",
    "xcm_weights": [
        -0.37838026881217957,
        -6.0915961265563965,
        -3.889036178588867,
        -2.108365535736084,
        3.251926898956299,
        0.19476217031478882,
        -2.389622449874878,
        -0.8540825843811035,
        5.615445613861084,
        -0.7977274060249329,
        0.1430831253528595,
        -0.7916603088378906,
        -5.895521640777588,
        -5.694303035736084,
        -3.040203332901001,
        -2.4926908016204834
    ],
    "baseband_weight": [
        0.000544308393727988,
        0.002806616947054863,
        3.895869255065918,
        37.8281135559082
    ],
    "dclamp_type": "soft",
    "d_max": 2.50341796875,
    "image_int": 0.577918291091919,
    "Bloch_int": "off",
    "bfilt_duration": 0.4
}