{
    "version": "0.4.2",
    "__comment": "The base model.",
    "calibration_date": "10/01/2024",
    "internal_model_name": "cvvdp_mult_mutual",
    "mask_p": 2.204892873764038,
    "mask_c": -0.7954971194267273,
    "pu_dilate": 3,
    "beta": 2,
    "beta_t": 2,
    "beta_tch": 4,
    "beta_sch": 4,
    "csf_sigma": -1.5,
    "sensitivity_correction": -0.5601561069488525,
    "masking_model": "mult-mutual",
    "local_adapt": "gpyr",
    "contrast": "weber_g1",
    "csf": "weber_fixed_size",
    "jod_a": 0.14985276758670807,
    "jod_exp": 0.7171330451965332,
    "mask_q": [
        1.1078596115112305,
        1.156563639640808,
        1.370432734489441,
        4.7660393714904785
    ],
    "filter_len": -1,
    "ch_chrom_w": 0.33521828055381775,
    "ch_trans_w": 0.36270517110824585,
    "sigma_tf": [
        5.79336,
        14.1255,
        6.63661,
        0.12314
    ],
    "beta_tf": [
        1.3314,
        1.1196,
        0.947901,
        0.1898
    ],
    "xchannel_masking": "on",
    "xcm_weights": [
        -0.3193455636501312,
        -5.972234725952148,
        -3.97393536567688,
        -2.168304681777954,
        3.177558422088623,
        0.2709600329399109,
        -2.4137651920318604,
        -0.8699045181274414,
        5.511367321014404,
        -0.6422153115272522,
        0.11477852612733841,
        -0.851987361907959,
        -5.867293357849121,
        -5.47660493850708,
        -3.018537759780884,
        -2.521825075149536
    ],
    "baseband_weight": [
        0.0005774619639851153,
        0.0025512371212244034,
        4.062900543212891,
        37.673187255859375
    ],
    "dclamp_type": "soft",
    "d_max": 2.4728362560272217,
    "image_int": 0.577918291091919,
    "Bloch_int": "off",
    "bfilt_duration": 0.4
}