{
    "version": "0.4.2",
    "__comment": "The base model.",
    "calibration_date": "10/01/2024",
    "internal_model_name": "cvvdp_mult_mutual",
    "mask_p": 2.227369785308838,
    "mask_c": -0.7954971194267273,
    "pu_dilate": 3,
    "beta": 2,
    "beta_t": 2,
    "beta_tch": 4,
    "beta_sch": 4,
    "csf_sigma": -1.5,
    "sensitivity_correction": -0.5291529893875122,
    "masking_model": "mult-mutual",
    "local_adapt": "gpyr",
    "contrast": "weber_g1",
    "csf": "weber_fixed_size",
    "jod_a": 0.22712503373622894,
    "jod_exp": 0.6258677840232849,
    "mask_q": [
        1.215499997138977,
        1.030837059020996,
        1.2768213748931885,
        4.531710624694824
    ],
    "filter_len": -1,
    "ch_chrom_w": 0.1765316277742386,
    "ch_trans_w": 0.3938376307487488,
    "sigma_tf": [
        5.79336,
        14.1255,
        6.63661,
        0.12314
    ],
    "beta_tf": [
        1.3314,
        1.1196,
        0.947901,
        0.1898
    ],
    "xchannel_masking": "on",
    "xcm_weights": [
        -0.1838284432888031,
        -6.117367267608643,
        -4.123961448669434,
        -2.1039748191833496,
        3.2130753993988037,
        0.3317808210849762,
        -2.6220638751983643,
        -0.9159926772117615,
        5.568624496459961,
        -0.7444549202919006,
        0.020202303305268288,
        -0.7710028290748596,
        -5.946044921875,
        -5.748598098754883,
        -3.2595231533050537,
        -2.5472686290740967
    ],
    "baseband_weight": [
        0.0005190923693589866,
        0.002778451656922698,
        1.8232083320617676,
        37.50180435180664
    ],
    "dclamp_type": "soft",
    "d_max": 2.4830782413482666,
    "image_int": 0.577918291091919,
    "Bloch_int": "off",
    "bfilt_duration": 0.4
}