{
    "version": "0.4.2",
    "__comment": "The base model.",
    "calibration_date": "10/01/2024",
    "internal_model_name": "cvvdp_mult_mutual",
    "mask_p": 2.197021484375,
    "mask_c": -0.7954971194267273,
    "pu_dilate": 3,
    "beta": 2,
    "beta_t": 2,
    "beta_tch": 4,
    "beta_sch": 4,
    "csf_sigma": -1.5,
    "sensitivity_correction": -0.48388350009918213,
    "masking_model": "mult-mutual",
    "local_adapt": "gpyr",
    "contrast": "weber_g1",
    "csf": "weber_fixed_size",
    "jod_a": 0.18955302238464355,
    "jod_exp": 0.6853776574134827,
    "mask_q": [
        1.1728994846343994,
        1.1304482221603394,
        1.3234140872955322,
        4.827901840209961
    ],
    "filter_len": -1,
    "ch_chrom_w": 0.28693023324012756,
    "ch_trans_w": 0.2853478789329529,
    "sigma_tf": [
        5.79336,
        14.1255,
        6.63661,
        0.12314
    ],
    "beta_tf": [
        1.3314,
        1.1196,
        0.947901,
        0.1898
    ],
    "xchannel_masking": "on",
    "xcm_weights": [
        -0.24307101964950562,
        -6.017752170562744,
        -4.213046550750732,
        -2.067800521850586,
        3.214773416519165,
        0.2320454716682434,
        -2.570159673690796,
        -0.8972894549369812,
        5.5860748291015625,
        -0.7072835564613342,
        -0.03469393402338028,
        -0.7757050395011902,
        -5.765074253082275,
        -5.449199676513672,
        -3.3365983963012695,
        -2.4811856746673584
    ],
    "baseband_weight": [
        0.0005614980473183095,
        0.0026050382293760777,
        4.4006876945495605,
        37.81427764892578
    ],
    "dclamp_type": "soft",
    "d_max": 2.497638463973999,
    "image_int": 0.577918291091919,
    "Bloch_int": "off",
    "bfilt_duration": 0.4
}