{
    "version": "0.4.2",
    "__comment": "The base model.",
    "calibration_date": "10/01/2024",
    "internal_model_name": "cvvdp_mult_mutual",
    "mask_p": 2.2230846881866455,
    "mask_c": -0.7954971194267273,
    "pu_dilate": 3,
    "beta": 2,
    "beta_t": 2,
    "beta_tch": 4,
    "beta_sch": 4,
    "csf_sigma": -1.5,
    "sensitivity_correction": -0.4613584280014038,
    "masking_model": "mult-mutual",
    "local_adapt": "gpyr",
    "contrast": "weber_g1",
    "csf": "weber_fixed_size",
    "jod_a": 0.2187139242887497,
    "jod_exp": 0.6606847643852234,
    "mask_q": [
        1.1971056461334229,
        1.021244764328003,
        1.273317575454712,
        4.686472415924072
    ],
    "filter_len": -1,
    "ch_chrom_w": 0.23840606212615967,
    "ch_trans_w": 0.4952678978443146,
    "sigma_tf": [
        5.79336,
        14.1255,
        6.63661,
        0.12314
    ],
    "beta_tf": [
        1.3314,
        1.1196,
        0.947901,
        0.1898
    ],
    "xchannel_masking": "on",
    "xcm_weights": [
        -0.22472970187664032,
        -6.093032360076904,
        -3.9152097702026367,
        -1.823737621307373,
        3.2015340328216553,
        0.11583838611841202,
        -2.463423490524292,
        -0.4070645272731781,
        5.583649158477783,
        -0.8853964805603027,
        0.20259904861450195,
        -0.35510167479515076,
        -5.830747604370117,
        -5.779571056365967,
        -2.981933832168579,
        -2.4634482860565186
    ],
    "baseband_weight": [
        0.0006051953532733023,
        0.0029246865306049585,
        3.9154067039489746,
        38.64518737792969
    ],
    "dclamp_type": "soft",
    "d_max": 2.521573543548584,
    "image_int": 0.577918291091919,
    "Bloch_int": "off",
    "bfilt_duration": 0.4
}