{
    "version": "0.4.2",
    "__comment": "The base model.",
    "calibration_date": "10/01/2024",
    "internal_model_name": "cvvdp_mult_mutual",
    "mask_p": 2.1932311058044434,
    "mask_c": -0.7954971194267273,
    "pu_dilate": 3,
    "beta": 2,
    "beta_t": 2,
    "beta_tch": 4,
    "beta_sch": 4,
    "csf_sigma": -1.5,
    "sensitivity_correction": -0.5139949917793274,
    "masking_model": "mult-mutual",
    "local_adapt": "gpyr",
    "contrast": "weber_g1",
    "csf": "weber_fixed_size",
    "jod_a": 0.17588555812835693,
    "jod_exp": 0.6880309581756592,
    "mask_q": [
        1.2412528991699219,
        1.1117433309555054,
        1.36216139793396,
        4.792352199554443
    ],
    "filter_len": -1,
    "ch_chrom_w": 0.30783897638320923,
    "ch_trans_w": 0.3980332911014557,
    "sigma_tf": [
        5.79336,
        14.1255,
        6.63661,
        0.12314
    ],
    "beta_tf": [
        1.3314,
        1.1196,
        0.947901,
        0.1898
    ],
    "xchannel_masking": "on",
    "xcm_weights": [
        -0.2044222205877304,
        -5.967687606811523,
        -4.086963653564453,
        -2.0389435291290283,
        3.11979341506958,
        0.20456965267658234,
        -2.5007197856903076,
        -0.801291823387146,
        5.5212836265563965,
        -0.7565784454345703,
        0.16963183879852295,
        -0.7220671772956848,
        -5.799860000610352,
        -5.507374286651611,
        -3.137399673461914,
        -2.4676899909973145
    ],
    "baseband_weight": [
        0.0006302332039922476,
        0.002718444913625717,
        4.623463153839111,
        38.11447525024414
    ],
    "dclamp_type": "soft",
    "d_max": 2.507892370223999,
    "image_int": 0.577918291091919,
    "Bloch_int": "off",
    "bfilt_duration": 0.4
}