{
    "version": "0.4.2",
    "__comment": "The base model.",
    "calibration_date": "10/01/2024",
    "internal_model_name": "cvvdp_mult_mutual",
    "mask_p": 2.192225456237793,
    "mask_c": -0.7954971194267273,
    "pu_dilate": 3,
    "beta": 2,
    "beta_t": 2,
    "beta_tch": 4,
    "beta_sch": 4,
    "csf_sigma": -1.5,
    "sensitivity_correction": -0.583467960357666,
    "masking_model": "mult-mutual",
    "local_adapt": "gpyr",
    "contrast": "weber_g1",
    "csf": "weber_fixed_size",
    "jod_a": 0.20621196925640106,
    "jod_exp": 0.6300541162490845,
    "mask_q": [
        1.2501221895217896,
        1.1924011707305908,
        1.4042459726333618,
        4.722990036010742
    ],
    "filter_len": -1,
    "ch_chrom_w": 0.2883651554584503,
    "ch_trans_w": 0.3385351598262787,
    "sigma_tf": [
        5.79336,
        14.1255,
        6.63661,
        0.12314
    ],
    "beta_tf": [
        1.3314,
        1.1196,
        0.947901,
        0.1898
    ],
    "xchannel_masking": "on",
    "xcm_weights": [
        -0.19758321344852448,
        -5.918895244598389,
        -4.10800838470459,
        -2.1027510166168213,
        3.106320858001709,
        0.26940855383872986,
        -2.536780834197998,
        -0.9074268341064453,
        5.513645648956299,
        -0.6020525097846985,
        0.14211316406726837,
        -0.7642583847045898,
        -5.890165328979492,
        -5.344973564147949,
        -3.0977823734283447,
        -2.5614876747131348
    ],
    "baseband_weight": [
        0.0005105800228193402,
        0.00245466991327703,
        1.158523678779602,
        37.85060119628906
    ],
    "dclamp_type": "soft",
    "d_max": 2.5049965381622314,
    "image_int": 0.577918291091919,
    "Bloch_int": "off",
    "bfilt_duration": 0.4
}