{
    "version": "0.4.2",
    "__comment": "The base model.",
    "calibration_date": "10/01/2024",
    "internal_model_name": "cvvdp_mult_mutual",
    "mask_p": 2.2275948524475098,
    "mask_c": -0.7954971194267273,
    "pu_dilate": 3,
    "beta": 2,
    "beta_t": 2,
    "beta_tch": 4,
    "beta_sch": 4,
    "csf_sigma": -1.5,
    "sensitivity_correction": -0.6702228784561157,
    "masking_model": "mult-mutual",
    "local_adapt": "gpyr",
    "contrast": "weber_g1",
    "csf": "weber_fixed_size",
    "jod_a": 0.14225223660469055,
    "jod_exp": 0.7234174609184265,
    "mask_q": [
        1.165259838104248,
        1.0886427164077759,
        1.4648735523223877,
        4.642568111419678
    ],
    "filter_len": -1,
    "ch_chrom_w": 0.33885490894317627,
    "ch_trans_w": 0.6131014227867126,
    "sigma_tf": [
        5.79336,
        14.1255,
        6.63661,
        0.12314
    ],
    "beta_tf": [
        1.3314,
        1.1196,
        0.947901,
        0.1898
    ],
    "xchannel_masking": "on",
    "xcm_weights": [
        -0.28312647342681885,
        -6.039920806884766,
        -3.8740925788879395,
        -2.2436270713806152,
        2.9566943645477295,
        0.14114560186862946,
        -2.307403564453125,
        -0.9543116092681885,
        5.362738132476807,
        -0.6656959056854248,
        0.37003952264785767,
        -0.908111035823822,
        -5.970558166503906,
        -5.693429946899414,
        -2.816026449203491,
        -2.641335964202881
    ],
    "baseband_weight": [
        0.0006147507228888571,
        0.0027476928662508726,
        1.3024756908416748,
        37.79271697998047
    ],
    "dclamp_type": "soft",
    "d_max": 2.526672124862671,
    "image_int": 0.577918291091919,
    "Bloch_int": "off",
    "bfilt_duration": 0.4
}