{
    "version": "0.4.2",
    "__comment": "The base model.",
    "calibration_date": "10/01/2024",
    "internal_model_name": "cvvdp_mult_mutual",
    "mask_p": 2.2035770416259766,
    "mask_c": -0.7954971194267273,
    "pu_dilate": 3,
    "beta": 2,
    "beta_t": 2,
    "beta_tch": 4,
    "beta_sch": 4,
    "csf_sigma": -1.5,
    "sensitivity_correction": -0.5394525527954102,
    "masking_model": "mult-mutual",
    "local_adapt": "gpyr",
    "contrast": "weber_g1",
    "csf": "weber_fixed_size",
    "jod_a": 0.12472189217805862,
    "jod_exp": 0.7853548526763916,
    "mask_q": [
        1.1320459842681885,
        1.1092830896377563,
        1.3459280729293823,
        4.834736347198486
    ],
    "filter_len": -1,
    "ch_chrom_w": 0.3648543953895569,
    "ch_trans_w": 0.430101603269577,
    "sigma_tf": [
        5.79336,
        14.1255,
        6.63661,
        0.12314
    ],
    "beta_tf": [
        1.3314,
        1.1196,
        0.947901,
        0.1898
    ],
    "xchannel_masking": "on",
    "xcm_weights": [
        -0.3044174313545227,
        -6.109113693237305,
        -3.9944896697998047,
        -2.0624098777770996,
        3.1460413932800293,
        0.20641805231571198,
        -2.3758087158203125,
        -0.8329285383224487,
        5.521934509277344,
        -0.783492386341095,
        0.17116683721542358,
        -0.769957959651947,
        -5.764406681060791,
        -5.652507781982422,
        -3.0992677211761475,
        -2.4950270652770996
    ],
    "baseband_weight": [
        0.0006464375765062869,
        0.002656810451298952,
        4.341606616973877,
        38.02130126953125
    ],
    "dclamp_type": "soft",
    "d_max": 2.4839961528778076,
    "image_int": 0.577918291091919,
    "Bloch_int": "off",
    "bfilt_duration": 0.4
}